{"compression_time": -4.380167034999886, "factorizing_time": -4.380095609999898, "rank": "0.1"}