{"compression_time": -10.360789340999872, "factorizing_time": -10.360758987000054, "rank": "0.25"}