{"train_acc": 0.9997555555555555, "train_loss": 1.0664282591703037e-05, "valid_acc": 0.925, "valid_loss": 0.003244657921791077, "test_acc": 0.9191, "test_loss": 0.0034875947788357733}