{"compression_time": -0.009763549000126659, "factorizing_time": -0.009760552000443568, "rank": "0.5"}