{"train_acc": 0.9998444444444444, "train_loss": 6.475511369596158e-06, "valid_acc": 0.926, "valid_loss": 0.0031844398021697996, "test_acc": 0.9223, "test_loss": 0.003414039769023657}