{"compression_time": -0.25211351999996623, "factorizing_time": -0.2520745539999325, "rank": "0.1"}