{"compression_time": -0.25354677400014225, "factorizing_time": -0.2535066719999577, "rank": "0.1"}