{"compression_time": -10.681044114000088, "factorizing_time": -10.681042628, "rank": "0.50"}