{"compression_time": -0.1719509630020184, "factorizing_time": -0.17194950799967046, "rank": 0.16}