{"compression_time": -0.0009223930001098779, "factorizing_time": -0.000921329999982845, "rank": "0.9"}