{"train_acc": 0.9998222222222222, "train_loss": 8.586308725352864e-06, "valid_acc": 0.926, "valid_loss": 0.0031347250759601593, "test_acc": 0.9223, "test_loss": 0.003414039769023657}