{"best_epoch": 0, "best_train_acc": 0.9998444444444444, "best_valid_acc": 0.926, "best_valid_loss": 0.003135180686513195, "training_time": -3831.620438929999, "training_time_per_epoch": -153.26481755719996, "test_acc": 0.9222, "test_loss": 0.003457928814738989, "model_name": "rn18-lr-[28]-tucker-0.9-dTrue-iNone_bn_128_sgd_l1e-05_g0.0_sTrue", "n_param_fact": 11173962, "inference_time": -6.403782514000341}