{"compression_time": -0.01813841900002444, "factorizing_time": -0.018063343999983772, "rank": "0.25"}