{"compression_time": -14.979564817999972, "factorizing_time": -14.979433267999866, "rank": "0.25"}