{"train_acc": 0.9996888888888888, "train_loss": 9.591482360701774e-06, "valid_acc": 0.9236, "valid_loss": 0.003123103667795658, "test_acc": 0.9208, "test_loss": 0.003459193080663681}