{"compression_time": -0.15529173300092225, "factorizing_time": -0.15529050099939923, "rank": 0.16}