{"compression_time": -6.042835554000021, "factorizing_time": -6.042785319000018, "rank": "0.25"}