{"compression_time": -0.21895190600002934, "factorizing_time": -0.21891513600007784, "rank": "0.9"}