{"compression_time": -0.016700983000191627, "factorizing_time": -0.016654772000038065, "rank": 0.61}