{"compression_time": -0.009062692000043171, "factorizing_time": -0.009061497999937274, "rank": "0.5"}