{"compression_time": -5.331621677999976, "factorizing_time": -5.331573042999992, "rank": "0.1"}