{"train_acc": 0.9297636363636363, "train_loss": 0.0016391572764651342, "valid_acc": 0.9144, "valid_loss": 0.0026265110969492527, "test_acc": 0.9049, "test_loss": 0.002933775453269482}