{"compression_time": -0.22901546999992206, "factorizing_time": -0.2289626550000321, "rank": "0.25"}