{"compression_time": -6.066920567000125, "factorizing_time": -6.066884034000395, "rank": "0.1"}