{"train_acc": 0.9214909090909091, "train_loss": 0.0019842587449333884, "valid_acc": 0.9078, "valid_loss": 0.003114296832680702, "test_acc": 0.903, "test_loss": 0.003229753337055445}