{"compression_time": -10.711632506, "factorizing_time": -10.71160321900004, "rank": "0.50"}