{"train_acc": 0.9798181818181818, "train_loss": 0.00044465215341611344, "valid_acc": 0.9476, "valid_loss": 0.0017954981729388236, "test_acc": 0.9385, "test_loss": 0.0018517739191651343}