{"compression_time": -0.0008826690000205417, "factorizing_time": -0.000881191000189574, "rank": "0.15"}