{"compression_time": -0.0021213799991528504, "factorizing_time": -0.002118815000358154, "rank": "0.1"}