{"best_epoch": 8, "best_train_acc": 0.9998222222222222, "best_valid_acc": 0.9276, "best_valid_loss": 0.0033681719928979875, "training_time": -3883.128625539999, "training_time_per_epoch": -155.32514502159995, "test_acc": 0.9221, "test_loss": 0.00367123841419816, "model_name": "rn18-lr-[15]-cp-0.1-dTrue-iNone_bn_128_sgd_l1e-05_g0.0_sTrue", "n_param_fact": 11173962, "inference_time": -6.147002444000464}