{"train_acc": 0.9998444444444444, "train_loss": 8.346593417162593e-06, "valid_acc": 0.926, "valid_loss": 0.0034368813127279283, "test_acc": 0.9223, "test_loss": 0.003414039769023657}