{"compression_time": -0.010452056999838533, "factorizing_time": -0.010411472999749094, "rank": 0.16}