{"train_acc": 0.20277777777777778, "train_loss": 0.03697539881600274, "valid_acc": 0.22, "valid_loss": 0.04029600234031677, "test_acc": 0.215, "test_loss": 0.03906348674297333}