{"compression_time": -10.549093215999989, "factorizing_time": -10.54909194999999, "rank": 0.5}