{"compression_time": -0.2172506769999245, "factorizing_time": -0.21720837800000936, "rank": "0.25"}