{"compression_time": -0.22926487299992004, "factorizing_time": -0.22922079499994652, "rank": "0.1"}