{"compression_time": -11.347307282000003, "factorizing_time": -11.347305808999977, "rank": 0.5}