{"compression_time": -0.20501712000032057, "factorizing_time": -0.204976170000009, "rank": "0.1"}