{"train_acc": 0.8811454545454546, "train_loss": 0.0033682023804296147, "valid_acc": 0.8736, "valid_loss": 0.004241831229627132, "test_acc": 0.8667, "test_loss": 0.00473523199558258}