{"compression_time": -0.009362652999698184, "factorizing_time": -0.009324753000328201, "rank": "0.25"}