{"compression_time": -12.99747397100009, "factorizing_time": -12.9974242950002, "rank": "0.5"}