{"compression_time": -25.406433203999995, "factorizing_time": -25.406396020000102, "rank": "0.9"}