{"compression_time": -0.008681751000040094, "factorizing_time": -0.008645303999855969, "rank": "0.1"}