{"compression_time": -0.0009280239996769524, "factorizing_time": -0.0009266840002055687, "rank": "0.5"}