{"compression_time": -0.004320385999562859, "factorizing_time": -0.004319160000704869, "rank": "0.15"}