{"train_acc": 0.9998222222222222, "train_loss": 8.39152605654413e-06, "valid_acc": 0.926, "valid_loss": 0.003272373804450035, "test_acc": 0.9223, "test_loss": 0.003414039769023657}