{"compression_time": -3.203748850000011, "factorizing_time": -3.2037000700000817, "rank": "0.1"}