{"train_acc": 0.9992, "train_loss": 2.296285456799928e-05, "valid_acc": 0.922, "valid_loss": 0.003175313941994682, "test_acc": 0.9164, "test_loss": 0.003584366115182638}