{"compression_time": -0.0008745099999032391, "factorizing_time": -0.0008731780003472522, "rank": "0.1"}