{"compression_time": -0.1590999889995146, "factorizing_time": -0.15909837400067772, "rank": 0.16}