{"best_epoch": 22, "best_train_acc": 0.9991333333333333, "best_valid_acc": 0.9222, "best_valid_loss": 0.0033782849606126546, "training_time": -3474.9853562189983, "training_time_per_epoch": -138.99941424875993, "test_acc": 0.9159, "test_loss": 0.0037927917271852493, "model_name": "rn18-lr-[15]-tt-0.16-dTrue-iNone_bn_128_sgd_l1e-05_g0.0_sTrue", "n_param_fact": 11141050, "inference_time": -5.6124986199974956}