{"train_acc": 0.9655111111111111, "train_loss": 0.0008863354347542756, "valid_acc": 0.8764, "valid_loss": 0.00494428733587265, "test_acc": 0.8781, "test_loss": 0.005204612264037132}