{"best_epoch": 66, "best_train_acc": 0.9791636363636363, "best_valid_acc": 0.9492, "best_valid_loss": 0.0016404973324388266, "test_acc": 0.9397, "test_loss": 0.0018576418459415435, "n_param": 556490, "model_name": "gar_18_dNone_128_sgd_l0.1_g0.1_w0.0_sTrue"}