{"compression_time": -0.007397330999083351, "factorizing_time": -0.007395089000056032, "rank": "0.15"}