{"compression_time": -3.2335957729999336, "factorizing_time": -3.233546973999978, "rank": "0.1"}