{"train_acc": 0.9990666666666667, "train_loss": 2.5920052997955484e-05, "valid_acc": 0.9194, "valid_loss": 0.003291931837797165, "test_acc": 0.9165, "test_loss": 0.0036149380527436734}