{"compression_time": -7.2544975790001445, "factorizing_time": -7.254447679999885, "rank": "0.25"}