{"compression_time": -0.0008941870000853669, "factorizing_time": -0.0008929499999794643, "rank": "0.15"}