{"compression_time": -0.22319476500001656, "factorizing_time": -0.22314912400020148, "rank": "0.75"}