{"train_acc": 0.9998, "train_loss": 8.631701169926803e-06, "valid_acc": 0.9274, "valid_loss": 0.0030679207899607717, "test_acc": 0.9219, "test_loss": 0.0034285085193812848}