{"compression_time": -0.0064005349995568395, "factorizing_time": -0.006398524999895017, "rank": "0.1"}