{"compression_time": -0.0014540129996021278, "factorizing_time": -0.0014520249997076462, "rank": "0.15"}