{"compression_time": -0.00627236900072603, "factorizing_time": -0.006269931000133511, "rank": "0.5"}