{"compression_time": -0.0015848880002522492, "factorizing_time": -0.0015833039997232845, "rank": "0.15"}