{"compression_time": -0.28338665599994783, "factorizing_time": -0.2833403189999899, "rank": "0.25"}