{"compression_time": -0.007693160999679094, "factorizing_time": -0.007653249999748368, "rank": "0.1"}