{"train_acc": 0.21256363636363637, "train_loss": 0.05956163425445556, "valid_acc": 0.2136, "valid_loss": 0.061138534832000734, "test_acc": 0.2072, "test_loss": 0.06073640103340149}