{"compression_time": -0.0009555119995638961, "factorizing_time": -0.000954332999754115, "rank": "0.15"}