{"compression_time": -18.80073658099991, "factorizing_time": -18.80069040400008, "rank": "0.75"}