{"compression_time": -0.2169662060000519, "factorizing_time": -0.21692092500006765, "rank": "0.5"}