{"train_acc": 0.9997555555555555, "train_loss": 1.001341924889453e-05, "valid_acc": 0.9248, "valid_loss": 0.0031474286898970603, "test_acc": 0.9215, "test_loss": 0.003446914492547512}