{"compression_time": -0.0632765210029902, "factorizing_time": -0.06327462600165745, "rank": 0.61}