{"train_acc": 0.9963777777777778, "train_loss": 8.784436663683865e-05, "valid_acc": 0.916, "valid_loss": 0.003469894281029701, "test_acc": 0.9112, "test_loss": 0.0038876666352152824}