{"compression_time": -0.04974235400004545, "factorizing_time": -0.04974107999987609, "rank": 0.16}